{"cameraMode":{"drawMode":0,"name":"Shaded","section":"Shading Mode"},"sceneLighting":false,"audioPlay":false,"sceneViewState":{"m_AlwaysRefresh":false,"showFog":true,"showSkybox":false,"showFlares":true,"showImageEffects":true,"showParticleSystems":true,"showVisualEffectGraphs":true,"m_FxEnabled":true},"in2DMode":false,"pivot":{"x":-0.16178172826766969,"y":1.3193775415420533,"z":0.13982796669006349},"rotation":{"x":-0.12787136435508729,"y":0.5633798837661743,"z":-0.08878692984580994,"w":-0.8113993406295776},"size":1.6794503927230836,"orthographic":false}